,mse_TF_train,mape_TF_train,r2_TF_train,pre_TF_train,mse_Original_train,mape_Original_train,r2_Original_train,pre_Original_train,mse_model_train,mape_model_train,r2_model_train,pre_model_train
0,2.1615262457369524,2.3031800074399515,0.9051109571466637,-0.022100394014878955,2.1615262457369524,2.3031800074399515,0.9051109571466637,-0.022100394014878955,0.11916655687690293,2.3699115673707922,0.9947686961726797,-0.013084978271848374
