,Fold,Valid_percentage_NN,Valid_percentage_XGB,Valid_percentage_RF,Valid_percentage_LR,Test_percentage_NN,Test_percentage_XGB,Test_percentage_RF,Test_percentage_LR
-1,0.0,-0.005345741498547424,-6.229116226777412e-05,0.0009190723633047271,-0.017355403344021806,-0.004581480667057539,-0.0001446634099469912,0.0003537499728651718,-0.014944566578696215
0,1.0,0.007320306440679415,3.399078293715809e-05,0.0005207111846901643,-0.0060657795719792,0.005013894678143225,0.00024006620656696404,0.0004423569513990518,-0.01266325260322776
1,2.0,0.003059419067110683,0.00028243314231599727,0.00043455582590382584,0.0008296787200512062,0.0027216038645984848,3.9883894944128506e-05,0.00013214559171604556,-0.011308408336701886
2,3.0,0.007229137156271508,8.791651926951223e-06,0.000757803510926863,0.005529916302015256,0.0033618257587457383,-0.00015388173761540167,0.00038305823931000755,-0.010391726523065822
3,4.0,0.0013990435559364362,-0.00017452382090371642,0.0006110336308077365,0.017793259391839795,-0.0020934359542012586,-6.585574595822706e-05,0.00026247035025227613,-0.008029615263331579
